City_ID,City,Country,Date,Lat,Lng,Max Temp,Humidity,Cloudiness,Wind Speed
0,Bredasdorp,ZA,2021-01-31 00:36:00,-34.5322,20.0403,66.99,84,0,6.22
1,Saint George,US,2021-01-31 00:31:13,37.1041,-113.5841,50.0,50,1,1.41
2,Georgetown,MY,2021-01-31 00:36:06,5.4112,100.3354,77.0,83,20,6.78
3,Ushuaia,AR,2021-01-31 00:35:51,-54.8,-68.3,51.8,62,20,21.85
4,Vardo,NO,2021-01-31 00:36:11,70.3705,31.1107,25.18,95,100,19.01
5,El Alto,PE,2021-01-31 00:36:12,-4.2714,-81.2147,78.8,73,75,9.22
6,Torbay,CA,2021-01-31 00:36:12,47.6666,-52.7314,28.99,93,90,8.05
7,Ribeira Grande,PT,2021-01-31 00:36:13,38.5167,-28.7,63.16,91,97,22.06
8,Pisco,PE,2021-01-31 00:32:59,-13.7,-76.2167,73.4,68,0,17.27
9,Hermanus,ZA,2021-01-31 00:35:20,-34.4187,19.2345,66.99,84,1,9.6
10,Port Elizabeth,ZA,2021-01-31 00:36:13,-33.918,25.5701,62.6,94,0,6.91
11,Kyabe,TD,2021-01-31 00:36:14,9.4515,18.9449,73.83,21,0,5.68
12,Longyearbyen,SJ,2021-01-31 00:36:14,78.2186,15.6401,-4.0,65,20,19.57
13,Dikson,RU,2021-01-31 00:35:25,73.5069,80.5464,-34.28,80,0,6.85
14,Mar Del Plata,AR,2021-01-31 00:32:08,-38.0023,-57.5575,62.01,63,75,18.41
15,Saint-Philippe,RE,2021-01-31 00:35:03,-21.3585,55.7679,78.8,65,0,6.91
16,Ler,SS,2021-01-31 00:31:39,8.3018,30.1418,70.99,22,0,6.11
17,Nangomba,TZ,2021-01-31 00:36:15,-10.9,38.5,70.99,96,100,3.89
18,Muros,ES,2021-01-31 00:36:15,42.7762,-9.0603,55.0,90,100,5.99
19,Saint-Joseph,RE,2021-01-31 00:36:15,-21.3667,55.6167,78.8,65,0,6.91
20,Souillac,MU,2021-01-31 00:36:15,-20.5167,57.5167,78.8,83,40,8.05
21,Tessalit,ML,2021-01-31 00:36:16,20.1986,1.0114,61.95,24,0,11.3
22,Filadelfia,US,2021-01-31 00:32:05,39.9523,-75.1638,32.0,37,20,5.75
23,Saldanha,ZA,2021-01-31 00:36:16,-33.0117,17.9442,63.63,92,0,1.63
24,Mantua,IT,2021-01-31 00:36:17,45.1667,10.7833,42.01,93,90,4.61
25,Punta Arenas,CL,2021-01-31 00:33:08,-53.15,-70.9167,51.8,62,0,26.46
26,Busselton,AU,2021-01-31 00:35:08,-33.65,115.3333,75.99,58,0,8.48
27,Najran,SA,2021-01-31 00:36:17,17.4924,44.1277,59.0,29,0,2.89
28,Mangrol,IN,2021-01-31 00:36:17,21.1167,70.1167,61.86,32,0,10.6
29,Salalah,OM,2021-01-31 00:36:18,17.0151,54.0924,66.2,68,0,3.44
30,Ponta Do Sol,PT,2021-01-31 00:36:18,32.6667,-17.1,59.0,74,45,1.99
31,Kalaleh,IR,2021-01-31 00:36:18,37.3807,55.4916,47.79,71,0,3.06
32,Hambantota,LK,2021-01-31 00:36:18,6.1241,81.1185,75.2,100,20,9.22
33,Grand Gaube,MU,2021-01-31 00:36:18,-20.0064,57.6608,77.0,86,3,3.0
34,Aksu,CN,2021-01-31 00:36:19,41.1231,80.2644,15.8,86,28,3.02
35,Chapais,CA,2021-01-31 00:32:39,49.7834,-74.8492,-4.0,77,90,6.91
36,Nettuno,IT,2021-01-31 00:36:20,41.4826,12.679,57.99,88,100,15.99
37,Sisimiut,GL,2021-01-31 00:36:20,66.9395,-53.6735,6.3,90,74,7.65
38,Dingle,PH,2021-01-31 00:36:20,10.9995,122.6711,78.03,80,87,16.17
39,Havelock,US,2021-01-31 00:35:24,34.8791,-76.9013,37.0,55,1,4.61
40,Paita,PE,2021-01-31 00:35:25,-5.0892,-81.1144,78.8,73,75,9.22
41,Mahibadhoo,MV,2021-01-31 00:36:21,3.7833,72.9667,80.91,75,2,13.13
42,Arroyo,ES,2021-01-31 00:36:21,41.6096,-4.7969,46.0,81,75,19.57
43,Jumla,NP,2021-01-31 00:36:22,29.2747,82.1838,29.57,56,0,3.62
44,Road Town,VG,2021-01-31 00:36:22,18.4167,-64.6167,77.0,83,40,10.36
45,Abu Dhabi,AE,2021-01-31 00:36:22,24.4667,54.3667,66.2,77,0,12.19
46,Sirjan,IR,2021-01-31 00:36:22,29.452,55.6814,44.64,59,0,7.45
47,Klaksvik,FO,2021-01-31 00:36:23,62.2266,-6.589,32.0,74,75,23.02
48,Tankara,IN,2021-01-31 00:36:23,22.6667,70.7333,51.8,62,0,3.44
49,Hamilton,US,2021-01-31 00:36:23,39.1834,-84.5333,33.01,93,90,10.36
50,Stornoway,GB,2021-01-31 00:36:23,58.2093,-6.3865,37.99,60,40,11.5
51,Arraial Do Cabo,BR,2021-01-31 00:34:26,-22.9661,-42.0278,77.0,82,0,26.98
52,Bogdanovich,RU,2021-01-31 00:36:24,56.7803,62.0494,11.57,96,78,1.48
53,Ambatondrazaka,MG,2021-01-31 00:36:25,-17.8333,48.4167,65.88,93,38,1.25
54,Necochea,AR,2021-01-31 00:36:25,-38.5473,-58.7368,59.0,66,95,11.97
55,Virginia Beach,US,2021-01-31 00:33:31,36.8529,-75.978,34.0,55,90,2.3
56,Manama,BH,2021-01-31 00:36:25,26.2154,50.5832,66.2,55,0,13.8
57,Bathsheba,BB,2021-01-31 00:36:26,13.2167,-59.5167,78.8,73,40,17.27
58,Upernavik,GL,2021-01-31 00:36:26,72.7868,-56.1549,-9.45,85,77,6.51
59,Mahebourg,MU,2021-01-31 00:32:24,-20.4081,57.7,78.8,83,40,8.05
60,Iqaluit,CA,2021-01-31 00:36:26,63.7506,-68.5145,-9.0,77,1,19.57
61,Chiredzi,ZW,2021-01-31 00:36:27,-21.05,31.6667,72.1,93,99,5.46
62,Agirish,RU,2021-01-31 00:36:27,61.9247,63.0231,-7.02,92,100,1.68
63,Mariental,NA,2021-01-31 00:35:47,-24.6333,17.9667,75.15,19,0,11.32
64,Bonaventure,CA,2021-01-31 00:36:27,48.0457,-65.4926,15.8,62,98,10.36
65,Bull Savanna,JM,2021-01-31 00:36:27,17.8868,-77.5902,71.85,81,73,8.66
66,Havre-Saint-Pierre,CA,2021-01-31 00:36:28,50.2334,-63.5986,19.4,73,90,11.5
67,Imbituba,BR,2021-01-31 00:35:19,-28.24,-48.6703,78.8,89,0,5.75
68,Jamestown,US,2021-01-31 00:33:08,42.097,-79.2353,17.6,86,1,3.44
69,Ostrovnoy,RU,2021-01-31 00:35:36,68.0531,39.5131,14.54,95,100,7.47
70,Fuerte Olimpo,PY,2021-01-31 00:36:03,-21.0415,-57.8738,83.3,64,0,7.58
71,Chuy,UY,2021-01-31 00:36:29,-33.6971,-53.4616,71.06,89,100,11.1
72,Olinda,BR,2021-01-31 00:36:29,-8.0089,-34.8553,78.8,69,40,9.22
73,Itupiranga,BR,2021-01-31 00:36:29,-5.1347,-49.3267,74.12,93,100,4.12
74,Coihaique,CL,2021-01-31 00:36:29,-45.5752,-72.0662,64.4,45,0,9.22
75,Krasnoselkup,RU,2021-01-31 00:36:29,65.7,82.4667,-25.92,83,100,12.82
76,Algiers,DZ,2021-01-31 00:33:58,36.7525,3.042,62.6,63,40,19.57
77,Qaanaaq,GL,2021-01-31 00:32:14,77.484,-69.3632,-5.6,74,98,3.36
78,Agadez,NE,2021-01-31 00:36:30,19.75,10.25,52.95,37,0,2.62
79,Capari,MK,2021-01-31 00:36:30,41.0561,21.1783,38.35,76,100,5.59
80,Koster,ZA,2021-01-31 00:36:30,-25.863,26.8976,61.39,85,60,3.04
81,Olafsvik,IS,2021-01-31 00:36:22,64.8945,-23.7142,23.16,89,30,16.17
82,Rundu,NA,2021-01-31 00:36:30,-17.9333,19.7667,68.25,94,100,5.3
83,Victoria,HK,2021-01-31 00:31:43,22.2855,114.1577,63.0,64,0,16.17
84,Plettenberg Bay,ZA,2021-01-31 00:36:31,-34.0527,23.3716,64.9,77,0,4.43
85,East London,ZA,2021-01-31 00:36:31,-33.0153,27.9116,69.93,85,70,3.36
86,Qaqortoq,GL,2021-01-31 00:36:31,60.7167,-46.0333,39.2,28,75,33.38
87,Sambava,MG,2021-01-31 00:36:31,-14.2667,50.1667,75.88,87,0,5.61
88,Livingstonia,MW,2021-01-31 00:35:54,-10.606,34.1063,64.76,80,100,2.89
89,Tsabong,BW,2021-01-31 00:36:32,-26.0217,22.401,77.13,57,0,8.19
90,Progreso,MX,2021-01-31 00:36:32,21.2833,-89.6667,80.6,44,75,11.5
91,Luderitz,NA,2021-01-31 00:36:32,-26.6481,15.1594,65.39,63,0,18.03
92,Port-Cartier,CA,2021-01-31 00:32:06,50.0334,-66.8654,19.4,63,19,6.91
93,Monrovia,LR,2021-01-31 00:36:27,6.3005,-10.7969,75.2,94,40,7.99
94,Clyde River,CA,2021-01-31 00:36:33,70.4692,-68.5914,-9.4,84,90,5.75
95,Bengkulu,ID,2021-01-31 00:31:42,-3.8004,102.2655,74.43,93,100,6.38
96,Zirovnice,CZ,2021-01-31 00:36:33,49.2532,15.1882,24.01,89,100,1.01
97,Shikarpur,PK,2021-01-31 00:36:33,27.9571,68.6379,46.4,87,0,4.76
98,Inverness,GB,2021-01-31 00:34:45,57.4791,-4.224,30.99,93,20,3.44
99,Sao Joao Da Barra,BR,2021-01-31 00:36:34,-21.6403,-41.0511,77.86,78,0,21.54
100,Cidreira,BR,2021-01-31 00:32:34,-30.1811,-50.2056,75.67,91,92,8.34
101,Tasiilaq,GL,2021-01-31 00:35:45,65.6145,-37.6368,21.2,30,90,16.11
102,Apatity,RU,2021-01-31 00:36:34,67.5641,33.4031,10.0,79,100,2.39
103,Cape Town,ZA,2021-01-31 00:33:33,-33.9258,18.4232,71.01,77,75,5.75
104,Takoradi,GH,2021-01-31 00:36:34,4.8845,-1.7554,78.98,89,100,6.04
105,Arlit,NE,2021-01-31 00:36:35,18.7369,7.3853,60.24,27,0,6.62
106,Port Alfred,ZA,2021-01-31 00:36:35,-33.5906,26.891,62.01,92,0,1.77
107,Damghan,IR,2021-01-31 00:36:35,36.1683,54.348,39.47,71,0,5.21
108,Gazojak,TM,2021-01-31 00:36:35,41.1875,61.4036,42.17,59,56,8.48
109,Taguatinga,BR,2021-01-31 00:36:35,-12.3857,-46.5711,80.47,51,99,2.71
110,Mulatupo,PA,2021-01-31 00:36:36,8.9492,-77.7652,78.19,80,42,9.71
111,Kensington,AU,2021-01-31 00:36:36,-33.9167,151.2167,73.99,83,75,21.85
112,Marawi,PH,2021-01-31 00:36:36,7.9986,124.2928,81.0,80,76,1.01
113,Usinsk,RU,2021-01-31 00:36:36,65.9939,57.5281,-1.17,93,100,9.53
114,Boa Vista,BR,2021-01-31 00:36:37,2.8197,-60.6733,78.8,69,75,11.5
115,Santo Antonio Da Platina,BR,2021-01-31 00:36:37,-23.295,-50.0772,71.94,89,100,2.39
116,Islamkot,PK,2021-01-31 00:36:37,24.6997,70.177,53.64,39,0,4.52
117,Korla,CN,2021-01-31 00:35:25,41.7597,86.1469,18.37,85,0,4.43
118,Nouadhibou,MR,2021-01-31 00:36:37,20.931,-17.0347,68.0,64,0,18.41
119,Kamenka,RU,2021-01-31 00:36:38,51.3223,42.7678,35.01,93,100,4.0
120,Villa Bruzual,VE,2021-01-31 00:36:38,9.3328,-69.1208,78.91,54,49,6.91
121,Kaduy,RU,2021-01-31 00:33:11,59.2,37.15,19.13,97,100,8.05
122,Grindavik,IS,2021-01-31 00:36:38,63.8424,-22.4338,21.2,73,40,5.75
123,Bako,ET,2021-01-31 00:36:38,5.7833,36.5667,66.15,45,33,2.53
124,Ankpa,NG,2021-01-31 00:36:39,7.3706,7.6253,75.07,19,0,3.76
125,Talas,TR,2021-01-31 00:36:39,38.6908,35.5538,37.4,93,75,9.22
126,Bambous Virieux,MU,2021-01-31 00:36:39,-20.3428,57.7575,78.8,83,40,8.05
127,Verkhovazhye,RU,2021-01-31 00:36:39,60.7472,42.0465,19.83,96,100,9.4
128,Rajshahi,BD,2021-01-31 00:34:55,24.3667,88.6,45.99,60,0,3.67
129,Mwinilunga,ZM,2021-01-31 00:36:40,-11.7358,24.4293,62.19,94,100,2.28
130,Caluquembe,AO,2021-01-31 00:36:40,-13.7833,14.6833,59.07,98,100,4.38
131,Mehamn,NO,2021-01-31 00:32:54,71.0357,27.8492,26.6,80,0,8.05
132,Codrington,AU,2021-01-31 00:36:40,-38.2667,141.9667,65.07,57,0,8.46
133,Namibe,AO,2021-01-31 00:31:47,-15.1961,12.1522,71.78,78,50,5.82
134,Norden,DE,2021-01-31 00:36:40,53.6,7.2,26.01,85,98,1.14
135,Kulhudhuffushi,MV,2021-01-31 00:31:48,6.6221,73.07,81.66,65,23,5.86
136,San Luis,AR,2021-01-31 00:34:42,-33.295,-66.3356,63.46,68,0,17.78
137,Faya,SA,2021-01-31 00:36:29,18.3851,42.4509,55.4,62,0,5.75
138,Castro,BR,2021-01-31 00:36:05,-24.7911,-50.0119,65.68,97,100,5.99
139,Hithadhoo,MV,2021-01-31 00:35:57,-0.6,73.0833,81.68,79,24,14.23
140,Marathon,US,2021-01-31 00:36:42,44.9,-89.7668,28.99,74,90,18.41
141,Ciudad Bolivar,VE,2021-01-31 00:36:42,8.1222,-63.5497,79.12,72,3,14.56
142,Vila Franca Do Campo,PT,2021-01-31 00:36:20,37.7167,-25.4333,62.6,94,75,16.11
143,Beloha,MG,2021-01-31 00:36:42,-25.1667,45.05,74.37,82,0,4.68
144,Didi Lilo,GE,2021-01-31 00:36:42,41.7361,44.9647,37.4,100,90,4.61
145,Marienburg,PL,2021-01-31 00:32:42,54.0359,19.0266,26.6,80,75,12.66
146,Ronne,DK,2021-01-31 00:36:43,55.1009,14.7066,33.8,86,90,12.66
147,Tombouctou,ML,2021-01-31 00:36:43,20.0,-3.0,65.07,21,0,9.31
148,Lardos,GR,2021-01-31 00:36:43,36.0942,28.0157,59.0,72,40,10.36
149,Nchelenge,ZM,2021-01-31 00:36:43,-9.3451,28.734,68.68,86,100,2.1
150,Richards Bay,ZA,2021-01-31 00:32:45,-28.783,32.0377,73.65,94,100,2.04
151,Machhlishahr,IN,2021-01-31 00:36:44,25.6833,82.4167,48.2,87,0,3.44
152,Casale Monferrato,IT,2021-01-31 00:36:44,45.1334,8.4571,39.99,90,100,5.17
153,Nurota,UZ,2021-01-31 00:36:44,40.5614,65.6886,46.4,53,84,9.22
154,Mwene-Ditu,CD,2021-01-31 00:36:44,-7.0,23.45,65.95,93,100,2.37
155,Itaituba,BR,2021-01-31 00:36:28,-4.2761,-55.9836,78.8,94,75,5.75
156,Halifax,CA,2021-01-31 00:36:01,44.6453,-63.5724,18.0,81,95,3.0
157,Itamaraca,BR,2021-01-31 00:36:45,-7.7478,-34.8256,78.8,69,40,9.22
158,Westport,US,2021-01-31 00:36:34,41.1415,-73.3579,28.0,39,1,4.61
159,Seymour,US,2021-01-31 00:36:45,38.9592,-85.8903,34.0,97,100,5.99
160,Narok,KE,2021-01-31 00:36:45,-1.0783,35.8601,54.37,77,0,1.79
161,Mao,ES,2021-01-31 00:36:45,39.8885,4.2658,48.2,93,20,3.44
162,Paamiut,GL,2021-01-31 00:36:46,61.994,-49.6678,25.29,89,45,14.74
163,Atasu,KZ,2021-01-31 00:36:46,48.6814,71.6433,20.7,89,100,9.8
164,Kalmunai,LK,2021-01-31 00:36:46,7.4167,81.8167,76.39,86,100,4.83
165,Carnarvon,AU,2021-01-31 00:36:46,-24.8667,113.6333,84.2,79,6,5.75
166,Careiro Da Varzea,BR,2021-01-31 00:36:46,-3.2003,-59.8119,77.0,94,75,3.44
167,Tiruchchendur,IN,2021-01-31 00:36:11,8.4833,78.1167,75.76,86,1,13.8
168,Akwatia,GH,2021-01-31 00:36:46,6.0402,-0.8088,75.83,91,96,2.46
169,Bubaque,GW,2021-01-31 00:36:47,11.2833,-15.8333,79.34,62,97,12.12
170,Sechura,PE,2021-01-31 00:36:47,-5.5569,-80.8222,78.6,60,17,17.11
171,Shelburne,CA,2021-01-31 00:36:47,44.0787,-80.2041,12.0,81,100,3.04
172,Lebu,CL,2021-01-31 00:35:43,-37.6167,-73.65,56.5,85,1,12.01
173,Dhidhdhoo,MV,2021-01-31 00:36:47,6.8833,73.1,81.36,65,0,5.66
174,Termiz,UZ,2021-01-31 00:36:47,37.2242,67.2783,44.6,45,0,6.91
175,Menongue,AO,2021-01-31 00:36:48,-14.6585,17.691,62.47,95,100,5.21
176,Nouakchott,MR,2021-01-31 00:36:46,18.0858,-15.9785,71.6,13,100,10.36
177,Lundazi,ZM,2021-01-31 00:31:49,-12.2929,33.1782,64.42,88,100,3.58
178,Stockach,DE,2021-01-31 00:36:48,47.85,9.0167,43.0,83,100,3.69
179,Dickson,US,2021-01-31 00:36:48,36.077,-87.3878,46.99,61,90,8.05
180,Roald,NO,2021-01-31 00:36:49,62.5833,6.1333,33.8,93,90,8.05
181,Inirida,CO,2021-01-31 00:36:49,3.8653,-67.9239,78.28,75,54,2.53
182,Tabou,CI,2021-01-31 00:36:49,4.423,-7.3528,78.66,89,33,8.55
183,Los Llanos De Aridane,ES,2021-01-31 00:36:07,28.6585,-17.9182,64.4,77,90,12.66
184,Vestmannaeyjar,IS,2021-01-31 00:36:49,63.4427,-20.2734,31.35,94,100,9.4
185,Villa Maria,AR,2021-01-31 00:36:49,-32.4075,-63.2402,61.65,87,5,11.1
186,Reconquista,AR,2021-01-31 00:36:49,-29.15,-59.65,74.5,90,82,8.1
187,Straumen,NO,2021-01-31 00:36:49,63.8709,11.2999,30.2,100,90,4.61
188,Shiraz,IR,2021-01-31 00:36:50,29.6036,52.5388,39.51,71,0,1.92
189,Nador,MA,2021-01-31 00:36:50,35.174,-2.9287,60.8,72,0,21.85
190,Loubomo,CG,2021-01-31 00:36:50,-4.1997,12.6739,71.4,94,100,1.52
191,Narsaq,GL,2021-01-31 00:36:50,60.9167,-46.05,39.2,28,75,33.38
192,Ibra,OM,2021-01-31 00:36:50,22.6906,58.5334,54.64,65,0,3.44
193,Jeremie,HT,2021-01-31 00:36:50,18.65,-74.1167,75.87,76,51,11.48
194,Valparaiso,CL,2021-01-31 00:36:51,-33.0393,-71.6273,66.0,100,90,4.61
195,Isiro,CD,2021-01-31 00:36:52,2.7739,27.616,62.38,48,97,0.98
196,Sol-Iletsk,RU,2021-01-31 00:36:21,51.1631,54.9918,18.91,98,69,2.46
197,Cradock,ZA,2021-01-31 00:36:52,-32.1642,25.6192,63.52,77,0,1.81
198,Husavik,IS,2021-01-31 00:32:41,66.0449,-17.3389,14.0,85,90,4.61
199,Mbour,SN,2021-01-31 00:36:53,14.422,-16.9638,71.6,60,0,13.8
200,Sarmanovo,RU,2021-01-31 00:36:53,55.2553,52.5891,28.4,86,75,11.18
201,Betsiamites,CA,2021-01-31 00:36:53,48.9413,-68.646,10.4,66,1,9.22
202,Kismayo,SO,2021-01-31 00:36:53,-0.3582,42.5454,74.91,85,0,13.29
203,Gayny,RU,2021-01-31 00:36:53,60.3071,54.3241,24.87,97,100,9.17
204,Lancaster,US,2021-01-31 00:36:54,40.2504,-76.2499,30.2,43,1,3.13
205,Melfi,IT,2021-01-31 00:36:54,40.9965,15.6514,42.8,70,20,13.8
206,Vieksniai,LT,2021-01-31 00:36:54,56.2333,22.5167,26.6,80,90,11.5
207,Rengo,CL,2021-01-31 00:34:21,-34.4167,-70.8667,66.2,82,75,4.61
208,Cockburn Town,TC,2021-01-31 00:36:54,21.4612,-71.1419,73.4,60,20,11.5
209,Bardiyah,LY,2021-01-31 00:36:55,31.7561,25.0865,59.27,69,0,13.82
210,Esil,KZ,2021-01-31 00:36:55,51.9556,66.4042,16.48,94,100,5.5
211,Buchanan,LR,2021-01-31 00:36:55,5.8808,-10.0467,75.2,94,40,5.84
212,Izhma,RU,2021-01-31 00:36:55,65.0083,53.9113,0.72,92,100,8.61
213,Camargo,MX,2021-01-31 00:36:56,27.6667,-105.1667,67.75,25,0,10.18
214,Yar-Sale,RU,2021-01-31 00:33:11,66.8333,70.8333,-18.29,86,100,17.27
215,Lagoa,PT,2021-01-31 00:36:31,39.05,-27.9833,61.9,94,100,25.64
216,Shalakusha,RU,2021-01-31 00:36:56,62.2247,40.2539,17.69,97,100,5.61
217,Jacareacanga,BR,2021-01-31 00:36:57,-6.2222,-57.7528,74.93,88,100,1.36
218,Shinpokh,PK,2021-01-31 00:36:57,34.3292,71.1782,44.6,57,75,4.61
219,Santa Maria,BR,2021-01-31 00:36:57,-29.6842,-53.8069,68.0,100,90,9.22
220,Andenes,NO,2021-01-31 00:36:58,69.3143,16.1194,25.0,74,100,8.05
221,Sao Domingos Do Maranhao,BR,2021-01-31 00:36:58,-5.5758,-44.3853,73.69,91,100,0.56
222,Hualmay,PE,2021-01-31 00:36:58,-11.0964,-77.6139,71.38,76,58,9.01
223,Amvrosiyivka,UA,2021-01-31 00:36:58,47.7935,38.4777,34.14,93,100,12.33
224,Bjornevatn,NO,2021-01-31 00:36:58,69.6672,29.9847,24.8,86,75,10.36
225,Kristianstad,SE,2021-01-31 00:36:59,56.0313,14.1524,30.2,93,75,6.91
226,San Rafael Del Sur,NI,2021-01-31 00:36:59,11.8485,-86.4384,86.0,48,20,9.22
227,Melipilla,CL,2021-01-31 00:32:08,-33.7,-71.2167,72.0,100,90,3.44
228,Aljezur,PT,2021-01-31 00:36:59,37.3191,-8.8033,55.0,100,100,1.01
229,Mahanoro,MG,2021-01-31 00:36:59,-19.9,48.8,75.88,87,2,3.42
230,Saint-Maximin-La-Sainte-Baume,FR,2021-01-31 00:36:59,43.4521,5.8622,52.0,57,100,17.0
231,Cartagena Del Chaira,CO,2021-01-31 00:36:59,1.3349,-74.8429,76.59,64,0,2.91
232,Amilly,FR,2021-01-31 00:37:00,47.9728,2.7719,48.0,98,100,5.14
233,Comodoro Rivadavia,AR,2021-01-31 00:37:00,-45.8667,-67.5,60.8,51,0,8.05
234,Safranbolu,TR,2021-01-31 00:37:00,41.2508,32.6942,38.21,88,100,2.1
235,Aripuana,BR,2021-01-31 00:37:00,-9.1667,-60.6333,74.82,97,100,1.23
236,Sao Filipe,CV,2021-01-31 00:37:00,14.8961,-24.4956,74.64,61,100,7.9
237,Aswan,EG,2021-01-31 00:37:00,24.0934,32.907,53.31,42,0,8.46
238,Carballo,ES,2021-01-31 00:37:01,43.213,-8.691,51.01,89,100,1.99
239,Karachi,PK,2021-01-31 00:37:01,24.9056,67.0822,53.6,87,0,5.75
240,Owando,CG,2021-01-31 00:37:01,-0.4819,15.8999,70.27,94,73,2.71
241,Luanda,AO,2021-01-31 00:36:34,-8.8368,13.2343,78.8,83,75,4.61
242,Abrau-Dyurso,RU,2021-01-31 00:37:01,44.69,37.59,50.0,66,100,24.61
243,Sao Miguel Do Araguaia,BR,2021-01-31 00:37:02,-13.275,-50.1628,76.1,76,100,3.4
244,Tiznit,MA,2021-01-31 00:37:02,29.5833,-9.5,56.3,84,100,2.21
245,Kartuzy,PL,2021-01-31 00:37:02,54.3342,18.1974,32.0,80,75,12.66
246,Wyoming,US,2021-01-31 00:37:03,43.0002,-107.5009,28.45,94,76,2.71
247,Les Cayes,HT,2021-01-31 00:37:03,18.2,-73.75,73.15,77,62,6.08
248,Koslan,RU,2021-01-31 00:37:03,63.4564,48.8989,24.44,98,100,8.03
249,Laguna,US,2021-01-31 00:37:03,38.421,-121.4238,59.0,51,1,4.61
250,Burgeo,CA,2021-01-31 00:37:03,47.6167,-57.6152,27.77,91,79,14.27
251,Poniatowa,PL,2021-01-31 00:37:04,51.1798,22.1309,26.6,93,90,11.5
252,Tromso,NO,2021-01-31 00:37:04,69.6496,18.957,21.99,79,98,3.44
253,Kilindoni,TZ,2021-01-31 00:37:04,-7.9139,39.6668,81.43,78,92,14.99
254,Sinalunga,IT,2021-01-31 00:37:05,43.2152,11.7495,52.0,86,0,8.99
255,Shevchenkove,UA,2021-01-31 00:37:05,49.6959,37.1735,39.2,93,90,13.42
256,Fria,GN,2021-01-31 00:37:05,10.4167,-13.5833,65.97,92,0,1.14
257,Margate,GB,2021-01-31 00:37:05,51.3813,1.3862,39.0,77,14,7.0
258,Malmesbury,ZA,2021-01-31 00:37:05,-33.4608,18.7271,68.0,77,75,5.75
259,Deogarh,IN,2021-01-31 00:37:06,21.5333,84.7333,49.44,44,0,2.55
260,Reyes,BO,2021-01-31 00:37:06,-14.3167,-67.3833,77.0,83,100,3.36
261,Meulaboh,ID,2021-01-31 00:37:06,4.1363,96.1285,75.97,83,58,4.41
262,Ilulissat,GL,2021-01-31 00:37:06,69.2167,-51.1,6.8,61,90,8.05
263,Bassar,TG,2021-01-31 00:37:07,9.25,0.7833,77.0,29,28,3.53
264,Amethi,IN,2021-01-31 00:37:07,26.15,81.8167,44.02,61,0,3.38
265,Sistranda,NO,2021-01-31 00:37:07,63.7256,8.834,24.8,100,20,5.75
266,Cuamba,MZ,2021-01-31 00:37:07,-14.8031,36.5372,68.72,94,100,1.88
267,Hendek,TR,2021-01-31 00:37:08,40.7994,30.7481,44.6,93,40,6.91
268,Ghanzi,BW,2021-01-31 00:37:08,-21.5667,21.7833,70.2,83,100,7.78
269,Sinsheim,DE,2021-01-31 00:37:08,49.2529,8.8787,34.0,94,100,3.0
270,Nantucket,US,2021-01-31 00:37:08,41.2835,-70.0995,19.4,45,1,14.97
271,Villa Carlos Paz,AR,2021-01-31 00:36:23,-31.4241,-64.4978,64.99,89,53,4.0
272,Changji,CN,2021-01-31 00:37:08,44.0167,87.3167,1.4,85,90,2.24
273,Sao Felix Do Xingu,BR,2021-01-31 00:37:09,-6.6447,-51.995,72.82,95,100,2.08
274,Badvel,IN,2021-01-31 00:37:09,14.75,79.05,65.95,88,86,2.62
275,Coquimbo,CL,2021-01-31 00:32:49,-29.9533,-71.3436,66.2,82,90,6.91
276,Adrar,MR,2021-01-31 00:37:09,20.5022,-10.0711,65.05,25,20,7.52
277,Sheregesh,RU,2021-01-31 00:37:09,52.9209,87.9869,-0.44,93,63,2.86
278,Ugoofaaru,MV,2021-01-31 00:37:09,5.6667,73.0,81.64,68,100,9.28
279,Port-Gentil,GA,2021-01-31 00:37:10,-0.7193,8.7815,77.0,88,90,13.8
280,Inhambane,MZ,2021-01-31 00:35:23,-23.865,35.3833,78.06,83,0,6.06
281,Pochinki,RU,2021-01-31 00:37:10,54.6988,44.8668,22.46,97,100,11.07
282,Taoudenni,ML,2021-01-31 00:37:10,22.6783,-3.9836,66.13,25,0,7.45
283,Urubicha,BO,2021-01-31 00:37:10,-15.3833,-62.95,76.77,77,31,3.27
284,Buraydah,SA,2021-01-31 00:37:10,26.326,43.975,50.0,66,0,5.75
285,Kuzedeyevo,RU,2021-01-31 00:37:11,53.3308,87.2019,-6.12,90,21,4.09
286,Sept-Iles,CA,2021-01-31 00:33:56,50.2001,-66.3821,19.4,63,51,6.91
287,Caravelas,BR,2021-01-31 00:37:11,-17.7125,-39.2481,75.36,85,0,5.08
288,Gamba,GA,2021-01-31 00:32:41,-2.65,10.0,77.25,88,100,1.12
289,Xuddur,SO,2021-01-31 00:37:11,4.1213,43.8894,63.66,87,4,14.09
290,Nizwa,OM,2021-01-31 00:37:12,22.9333,57.5333,56.12,59,0,2.42
291,Sao Jose Da Coroa Grande,BR,2021-01-31 00:37:12,-8.8978,-35.1478,78.13,82,100,8.86
292,San Cristobal,VE,2021-01-31 00:32:13,7.7669,-72.225,65.48,70,90,0.98
293,Gat,IL,2021-01-31 00:32:33,31.61,34.7642,55.0,58,0,4.0
294,Kardla,EE,2021-01-31 00:37:12,58.9978,22.7492,24.01,86,100,10.0
295,Calvinia,ZA,2021-01-31 00:32:30,-31.4707,19.776,55.94,71,0,3.62
296,Mumbwa,ZM,2021-01-31 00:37:13,-14.9783,27.0619,66.29,93,100,2.53
297,Saint Anthony,US,2021-01-31 00:37:13,45.0205,-93.218,32.0,74,90,9.22
298,Alta Floresta,BR,2021-01-31 00:33:01,-9.8756,-56.0861,72.64,96,60,2.01
299,Turukhansk,RU,2021-01-31 00:37:13,65.8167,87.9833,-32.44,76,0,4.94
300,Manakara,MG,2021-01-31 00:37:13,-22.1333,48.0167,76.01,88,14,4.72
301,Maniitsoq,GL,2021-01-31 00:37:14,65.4167,-52.9,12.0,78,0,7.72
302,Borovoy,RU,2021-01-31 00:37:14,55.4333,86.0833,-18.4,69,0,2.24
303,Fagersta,SE,2021-01-31 00:37:14,60.0042,15.7932,12.2,85,0,4.61
304,Fredericton,CA,2021-01-31 00:36:56,45.9454,-66.6656,10.4,56,1,6.91
305,Kavaratti,IN,2021-01-31 00:32:43,10.5669,72.642,80.78,72,4,9.06
306,Canton,CN,2021-01-31 00:37:15,23.1167,113.25,63.0,72,0,6.71
307,Naron,ES,2021-01-31 00:37:15,43.5167,-8.1528,55.0,76,20,6.91
308,Koson,UZ,2021-01-31 00:37:15,39.0375,65.585,46.4,61,0,9.22
309,Florianopolis,BR,2021-01-31 00:33:51,-27.6146,-48.5012,81.0,89,0,5.75
310,Turtas,RU,2021-01-31 00:37:15,58.9417,69.1325,11.61,95,100,9.01
311,Mecca,SA,2021-01-31 00:37:15,21.4267,39.8261,65.98,42,0,5.23
312,Awbari,LY,2021-01-31 00:37:16,26.5921,12.7805,55.54,39,0,8.79
313,Safaga,EG,2021-01-31 00:37:16,26.7292,33.9365,55.4,58,0,8.05
314,Mitu,CO,2021-01-31 00:33:20,1.1983,-70.1733,74.7,91,69,1.5
315,Gasa,PS,2021-01-31 00:37:16,31.5,34.4667,55.0,58,0,4.0
316,Henties Bay,NA,2021-01-31 00:36:31,-22.116,14.2845,66.99,85,26,4.0
317,Padang,ID,2021-01-31 00:35:31,-0.9492,100.3543,77.65,75,98,3.78
318,Yangambi,CD,2021-01-31 00:37:17,0.8102,24.4336,69.26,87,60,1.12
319,Vidisha,IN,2021-01-31 00:37:17,23.5333,77.8167,44.6,81,0,4.61
320,Olbia,IT,2021-01-31 00:32:57,40.9214,9.4856,53.6,71,0,8.05
321,Koeru,EE,2021-01-31 00:37:17,58.9631,26.0308,19.71,98,100,6.24
322,Pahalgam,IN,2021-01-31 00:35:44,34.0333,75.3333,18.21,65,0,10.92
323,Yondo,CO,2021-01-31 00:37:17,7.0062,-73.9097,79.38,69,75,1.57
324,Sidi Ali,DZ,2021-01-31 00:37:17,36.0998,0.4206,55.6,82,100,21.03
325,Urzhum,RU,2021-01-31 00:37:18,57.1141,49.9996,15.1,96,71,8.5
326,La Seyne-Sur-Mer,FR,2021-01-31 00:37:18,43.0982,5.8847,52.0,77,100,13.0
327,Marsh Harbour,BS,2021-01-31 00:37:18,26.5412,-77.0636,66.49,63,100,13.82
328,Rio Grande,BR,2021-01-31 00:37:18,-32.035,-52.0986,75.81,91,86,13.24
329,Roura,GF,2021-01-31 00:37:18,4.7263,-52.3274,80.6,89,75,8.05
330,Lugovoy,KZ,2021-01-31 00:37:19,42.9472,72.7644,39.85,58,100,3.8
331,Kuito,AO,2021-01-31 00:37:19,-12.3833,16.9333,58.62,95,100,5.99
332,Puerto Del Rosario,ES,2021-01-31 00:37:19,28.5004,-13.8627,64.4,72,90,19.57
333,Kuryk,KZ,2021-01-31 00:37:19,43.2,51.65,41.56,78,93,9.53
334,Dharchula,IN,2021-01-31 00:32:35,29.85,80.5333,41.99,40,0,6.06
335,Mapiripan,CO,2021-01-31 00:37:20,2.8892,-72.1256,78.58,67,58,4.45
336,Acari,PE,2021-01-31 00:37:20,-15.4311,-74.6158,73.47,61,100,3.78
337,Riccione,IT,2021-01-31 00:32:33,44.0051,12.6447,53.01,82,75,4.61
338,Belmonte,BR,2021-01-31 00:37:20,-15.8631,-38.8828,78.8,73,40,10.36
339,Cap Malheureux,MU,2021-01-31 00:36:55,-19.9842,57.6142,77.0,86,5,3.0
340,Heiligenhafen,DE,2021-01-31 00:37:20,54.3667,10.9833,32.0,86,75,10.36
341,Rafaela,AR,2021-01-31 00:37:21,-31.2503,-61.4867,68.0,75,100,4.0
342,Jiguani,CU,2021-01-31 00:37:21,20.3667,-76.4272,71.6,68,16,13.8
343,Carutapera,BR,2021-01-31 00:37:21,-1.195,-46.02,78.49,83,100,7.14
344,Saint-Pierre,RE,2021-01-31 00:37:21,-21.3393,55.4781,78.8,65,0,6.91
345,Tevriz,RU,2021-01-31 00:37:21,57.509,72.4042,3.96,94,100,10.09
346,Bac,RS,2021-01-31 00:37:22,45.3919,19.2367,39.99,100,0,6.91
347,Nara,JP,2021-01-31 00:37:22,34.6851,135.8049,48.0,65,40,1.14
348,Shepsi,RU,2021-01-31 00:37:22,44.0361,39.1489,49.55,70,99,20.83
349,Shahrud,IR,2021-01-31 00:37:22,36.4182,54.9763,36.75,78,0,6.04
350,Itarema,BR,2021-01-31 00:32:39,-2.9248,-39.9167,78.89,83,98,9.64
351,Paarl,ZA,2021-01-31 00:37:23,-33.7338,18.9752,68.0,77,75,5.75
352,Bahia Honda,CU,2021-01-31 00:37:23,22.9036,-83.1592,66.96,74,99,5.99
353,Arkhangelsk,RU,2021-01-31 00:32:33,64.5401,40.5433,23.0,93,90,6.71
354,Santa Lucia,ES,2021-01-31 00:37:24,27.9117,-15.5407,64.4,72,75,24.16
355,Finote Selam,ET,2021-01-31 00:37:24,10.7,37.2667,57.22,50,0,3.53
356,Berlevag,NO,2021-01-31 00:36:22,70.8578,29.0864,26.6,80,0,8.05
357,Djambala,CG,2021-01-31 00:37:24,-2.5447,14.7533,64.58,96,100,1.5
358,Surt,LY,2021-01-31 00:37:24,31.2089,16.5887,64.4,42,0,12.53
359,Araouane,ML,2021-01-31 00:37:26,18.9048,-3.5265,65.91,22,83,8.7
360,Fray Bentos,UY,2021-01-31 00:37:26,-33.1325,-58.2956,60.85,81,80,20.07
361,Oktyabrskoye,RU,2021-01-31 00:32:53,43.0645,44.7417,37.4,81,12,4.47
362,Hurghada,EG,2021-01-31 00:37:26,27.2574,33.8129,55.4,58,0,8.05
363,Tefe,BR,2021-01-31 00:37:27,-3.3542,-64.7114,74.82,94,2,2.19
364,Pozo Colorado,PY,2021-01-31 00:37:27,-23.4923,-58.7972,86.13,59,100,6.29
365,Iranshahr,IR,2021-01-31 00:37:27,27.2025,60.6848,52.29,68,0,1.52
366,Pushkinskiye Gory,RU,2021-01-31 00:37:27,57.0209,28.9103,21.45,99,92,4.03
367,Sur,OM,2021-01-31 00:37:27,22.5667,59.5289,65.21,52,0,3.22
368,Markala,ML,2021-01-31 00:37:27,13.7021,-6.0659,69.3,21,0,10.04
369,Misratah,LY,2021-01-31 00:32:34,32.3754,15.0925,63.99,51,0,12.06
370,Nueva Germania,PY,2021-01-31 00:37:28,-23.9,-56.5667,78.8,82,2,6.13
371,Jammalamadugu,IN,2021-01-31 00:37:28,14.8333,78.4,65.89,86,73,3.8
372,Pimampiro,EC,2021-01-31 00:37:28,0.4,-77.9667,58.23,69,96,6.51
373,Ancud,CL,2021-01-31 00:32:56,-41.8697,-73.8203,57.2,62,0,9.22
374,Ekibastuz,KZ,2021-01-31 00:35:34,51.6667,75.3667,12.33,91,100,11.21
375,Notse,TG,2021-01-31 00:37:29,6.95,1.1667,80.26,75,100,6.42
376,Bandarbeyla,SO,2021-01-31 00:36:01,9.4942,50.8122,73.8,72,100,15.79
377,Esmeraldas,BR,2021-01-31 00:37:29,-19.7625,-44.3139,78.8,57,0,8.05
378,Chandil,IN,2021-01-31 00:37:29,22.9667,86.05,50.0,81,0,2.01
379,Salinopolis,BR,2021-01-31 00:36:01,-0.6136,-47.3561,79.61,86,100,10.56
380,Vichuga,RU,2021-01-31 00:37:29,57.2128,41.9301,20.73,97,100,11.34
381,Bud,US,2021-01-31 00:36:10,39.447,-86.1758,30.99,97,100,16.26
382,Rio Cuarto,AR,2021-01-31 00:35:51,-33.1307,-64.3499,60.01,94,90,2.3
383,Tarata,BO,2021-01-31 00:37:30,-17.6167,-66.0167,63.25,59,100,5.57
384,Morondava,MG,2021-01-31 00:37:30,-20.2833,44.2833,79.74,80,0,7.36
385,Yevlax,AZ,2021-01-31 00:37:30,40.6089,47.1492,37.4,93,90,4.7
386,Nanortalik,GL,2021-01-31 00:35:42,60.1432,-45.2371,29.19,90,100,11.03
387,Axim,GH,2021-01-31 00:37:31,4.8699,-2.2405,78.93,89,72,6.46
388,Ryomgard,DK,2021-01-31 00:37:31,56.3843,10.503,32.0,100,90,5.75
389,Aquiraz,BR,2021-01-31 00:37:31,-3.9014,-38.3911,80.6,83,0,8.05
390,Talnakh,RU,2021-01-31 00:36:18,69.4865,88.3972,-31.2,71,0,6.93
391,Maldonado,UY,2021-01-31 00:37:31,-34.6667,-54.9167,68.0,73,75,16.11
392,Sandwick,GB,2021-01-31 00:37:31,60.0,-1.25,33.8,93,75,1.14
393,Wilmington,US,2021-01-31 00:35:41,34.2257,-77.9447,41.0,48,1,4.43
394,Sabalgarh,IN,2021-01-31 00:34:18,26.25,77.4,48.15,49,0,1.12
395,Sinnamary,GF,2021-01-31 00:37:32,5.3833,-52.95,77.99,86,100,15.41
396,Yarmouth,US,2021-01-31 00:34:19,41.7057,-70.2286,21.2,49,1,3.44
397,Asyut,EG,2021-01-31 00:37:32,27.181,31.1837,48.2,61,0,4.61
398,Prieska,ZA,2021-01-31 00:37:32,-29.6641,22.7474,71.91,21,0,5.82
399,Baglung,NP,2021-01-31 00:37:33,28.2719,83.5898,43.29,57,0,4.27
400,Skibbereen,IE,2021-01-31 00:37:33,51.55,-9.2667,39.2,93,75,9.22
401,Barmer,IN,2021-01-31 00:37:33,25.75,71.3833,50.63,46,0,1.14
402,Gunzenhausen,DE,2021-01-31 00:37:33,49.1,10.75,32.0,100,90,10.36
403,Nyrob,RU,2021-01-31 00:37:13,60.733,56.7202,16.03,96,100,9.66
404,Qasigiannguit,GL,2021-01-31 00:37:34,68.8193,-51.1922,6.8,61,90,8.05
405,Nuuk,GL,2021-01-31 00:37:34,64.1835,-51.7216,17.6,86,20,8.05
406,Bollnas,SE,2021-01-31 00:37:34,61.3482,16.3946,3.99,57,12,3.0
407,Santa Isabel Do Rio Negro,BR,2021-01-31 00:37:34,-0.4139,-65.0192,77.54,82,82,3.11
408,Oranjestad,AW,2021-01-31 00:37:34,12.524,-70.027,78.8,78,20,17.27
409,Ayagoz,KZ,2021-01-31 00:37:35,47.9714,80.4392,15.84,88,100,14.72
410,Umm Kaddadah,SD,2021-01-31 00:37:35,13.6017,26.6876,61.09,29,0,13.18
411,Thunder Bay,CA,2021-01-31 00:35:18,48.4001,-89.3168,28.4,80,90,13.8
412,Bizhbulyak,RU,2021-01-31 00:37:35,53.6967,54.2642,19.72,97,99,8.34
413,Rio Bananal,BR,2021-01-31 00:37:35,-19.265,-40.3333,71.64,91,0,1.01
414,Gloversville,US,2021-01-31 00:37:35,43.0528,-74.3438,12.0,72,1,9.22
415,Saint-Augustin,CA,2021-01-31 00:37:36,51.226,-58.6502,28.81,92,100,16.96
416,Booue,GA,2021-01-31 00:37:36,-0.0921,11.9385,72.63,94,100,2.01
417,Puerto Ayacucho,VE,2021-01-31 00:37:36,5.6639,-67.6236,82.24,58,68,10.65
418,Luba,GQ,2021-01-31 00:36:15,3.4568,8.5547,77.0,88,20,3.44
419,Goderich,CA,2021-01-31 00:35:44,43.7501,-81.7165,24.8,74,100,2.3
420,Almeirim,BR,2021-01-31 00:37:36,-1.5233,-52.5817,74.01,94,12,4.25
421,Shubarshi,KZ,2021-01-31 00:37:37,48.5872,57.1869,14.23,93,0,7.61
422,Adre,TD,2021-01-31 00:37:37,13.4667,22.2,62.35,27,0,12.08
423,Barsovo,RU,2021-01-31 00:36:22,61.1667,73.1667,-11.2,84,90,13.42
424,Sokolo,ML,2021-01-31 00:37:31,14.7328,-6.1219,68.65,21,88,10.36
425,Leh,IN,2021-01-31 00:37:37,34.1667,77.5833,0.59,56,14,1.41
426,Asfi,MA,2021-01-31 00:37:37,32.2994,-9.2372,58.55,88,33,9.13
427,Klobuck,PL,2021-01-31 00:37:37,50.9008,18.9367,26.01,80,90,4.61
428,Santa Helena,BR,2021-01-31 00:37:37,-2.2311,-45.3,74.7,94,100,1.9
429,Pucallpa,PE,2021-01-31 00:37:38,-8.3791,-74.5539,75.2,100,75,3.44
430,Uige,AO,2021-01-31 00:37:38,-7.6087,15.0613,66.88,97,100,1.61
431,Constitucion,CL,2021-01-31 00:35:55,-35.3333,-72.4167,60.3,93,49,7.85
432,Grajau,BR,2021-01-31 00:37:38,-5.8194,-46.1386,72.75,93,100,2.42
433,Buta,CD,2021-01-31 00:37:39,2.7858,24.73,66.43,51,0,2.06
434,Moen,NO,2021-01-31 00:37:39,69.1304,18.6123,-2.2,78,100,1.61
435,Puksoozero,RU,2021-01-31 00:37:39,62.5903,40.6066,16.12,97,99,4.76
436,Qobustan,AZ,2021-01-31 00:37:39,40.0824,49.412,42.8,93,90,9.22
437,Cienaga,CO,2021-01-31 00:37:39,11.007,-74.2476,84.2,54,20,14.97
438,Neftcala,AZ,2021-01-31 00:37:39,39.3742,49.2472,45.14,88,78,8.03
439,Bestobe,KZ,2021-01-31 00:37:40,52.4994,73.0975,13.84,91,60,10.65
440,Thurso,GB,2021-01-31 00:37:40,58.5927,-3.5259,28.4,86,100,5.75
441,Teguldet,RU,2021-01-31 00:32:57,57.3064,88.1667,-28.82,83,0,4.41
442,Cabedelo,BR,2021-01-31 00:37:40,-6.9811,-34.8339,78.8,83,0,5.75
443,Paso De Los Toros,UY,2021-01-31 00:37:40,-32.8167,-56.5167,66.45,87,100,23.44
444,Baijiantan,CN,2021-01-31 00:37:40,45.6333,85.1833,4.6,93,26,2.53
445,Lubumbashi,CD,2021-01-31 00:37:41,-11.6609,27.4794,62.62,94,70,1.66
446,Marigot,MF,2021-01-31 00:34:44,18.0667,-63.0833,78.8,78,20,8.05
447,Ascension,US,2021-01-31 00:37:41,30.2169,-90.9001,69.8,68,90,10.36
448,Kolondieba,ML,2021-01-31 00:37:41,11.0882,-6.8926,71.49,20,3,4.59
449,Kaniama,CD,2021-01-31 00:32:49,-7.5667,24.1833,66.09,96,100,2.04
450,San Ramon,US,2021-01-31 00:37:42,37.7799,-121.978,59.0,58,90,8.05
451,Mogadishu,SO,2021-01-31 00:37:26,2.0371,45.3438,74.7,84,16,16.69
452,Birjand,IR,2021-01-31 00:36:05,32.8663,59.2211,44.94,68,0,7.27
453,Musayelyan,AM,2021-01-31 00:37:42,40.7577,43.9927,14.0,79,100,1.48
454,Kwale,NG,2021-01-31 00:37:42,5.7063,6.4374,78.76,80,0,2.64
455,Merke,KZ,2021-01-31 00:37:43,42.8728,73.1786,39.96,56,100,6.02
456,Rocha,UY,2021-01-31 00:37:43,-34.4833,-54.3333,65.75,91,100,18.12
457,Sankt Georgen,HU,2021-01-31 00:37:43,47.1425,16.5815,30.99,84,100,5.99
458,Kempen,DE,2021-01-31 00:37:43,51.3667,6.4167,33.01,80,20,6.91
459,Agua Buena,PA,2021-01-31 00:37:44,7.8167,-80.4,84.2,58,20,11.5
460,Baghdad,IQ,2021-01-31 00:37:44,33.3406,44.4009,44.6,76,0,8.05
461,Alberton,CA,2021-01-31 00:37:44,46.8168,-64.0654,23.0,74,100,18.41
462,Murgesti,RO,2021-01-31 00:37:44,45.4,26.8833,40.21,71,100,5.17
463,Touros,BR,2021-01-31 00:37:44,-5.1989,-35.4608,78.8,83,20,4.61
464,Marsa Matruh,EG,2021-01-31 00:37:22,31.3525,27.2453,60.8,59,0,14.97
465,Anloga,GH,2021-01-31 00:37:45,5.7947,0.8973,82.4,89,20,5.75
466,Dudinka,RU,2021-01-31 00:37:45,69.4058,86.1778,-35.95,77,0,7.34
467,Marabba,SD,2021-01-31 00:37:45,12.35,32.1833,67.84,23,0,12.33
468,Bloemfontein,ZA,2021-01-31 00:36:21,-29.1211,26.214,66.24,69,0,6.73
469,Taltal,CL,2021-01-31 00:37:46,-25.4,-70.4833,66.72,73,9,5.53
470,Varberg,SE,2021-01-31 00:37:46,57.1056,12.2508,21.2,93,90,3.44
471,Morant Bay,JM,2021-01-31 00:37:46,17.8815,-76.4093,80.6,69,75,9.22
472,Natal,BR,2021-01-31 00:37:46,-5.795,-35.2094,78.8,83,20,6.91
473,Parry Sound,CA,2021-01-31 00:35:02,45.3501,-80.033,10.4,79,100,3.94
474,Saurimo,AO,2021-01-31 00:37:47,-9.6608,20.3916,65.44,95,100,3.09
475,Ziarat,PK,2021-01-31 00:37:47,30.3823,67.7282,34.79,69,0,2.1
476,Nata,PA,2021-01-31 00:37:47,8.3333,-80.5167,84.2,58,20,11.5
477,Vila Do Maio,CV,2021-01-31 00:37:47,15.1333,-23.2167,71.6,64,0,17.27
478,Aden,YE,2021-01-31 00:34:55,12.7794,45.0367,73.78,75,16,8.63
479,Petukhovo,RU,2021-01-31 00:37:47,55.0692,67.9019,11.62,93,63,7.92
480,Zolochiv,UA,2021-01-31 00:37:48,49.806,24.8944,26.6,86,90,8.95
481,Tsiroanomandidy,MG,2021-01-31 00:37:48,-18.7667,46.0333,66.06,91,0,1.95
482,Vilhena,BR,2021-01-31 00:32:50,-12.7406,-60.1458,71.6,100,0,4.61
483,Iki-Burul,RU,2021-01-31 00:37:48,45.8208,44.6472,30.0,100,99,17.9
484,Leshukonskoye,RU,2021-01-31 00:37:48,64.8989,45.7622,17.65,97,100,5.61
485,Vicuna,CL,2021-01-31 00:37:49,-30.0319,-70.7081,66.2,82,90,6.91
486,Tazovskiy,RU,2021-01-31 00:37:49,67.4667,78.7,-25.6,84,100,15.73
487,Abnub,EG,2021-01-31 00:37:49,27.2696,31.1511,48.2,61,0,4.61
488,Kayes,ML,2021-01-31 00:37:28,14.0,-11.0,75.24,16,0,8.34
489,Rajapur,IN,2021-01-31 00:37:49,25.3833,81.15,47.07,53,0,3.87
490,Cassilandia,BR,2021-01-31 00:37:50,-19.1133,-51.7342,74.05,84,100,3.2
491,Bonavista,CA,2021-01-31 00:37:50,48.6499,-53.1147,28.99,93,95,5.75
492,Sioux Lookout,CA,2021-01-31 00:37:50,50.1001,-91.917,23.0,86,90,5.75
493,Sakaraha,MG,2021-01-31 00:37:50,-22.9,44.5333,71.76,85,0,2.01
494,Puerto Maldonado,PE,2021-01-31 00:37:50,-12.6,-69.1833,74.32,95,81,3.27
495,San Rafael,AR,2021-01-31 00:37:50,-34.6177,-68.3301,66.85,59,100,8.99
496,Huittinen,FI,2021-01-31 00:37:51,61.1833,22.7,14.0,85,90,4.61
497,Cajabamba,PE,2021-01-31 00:37:51,-7.6167,-78.05,58.08,77,100,1.7
498,Urucui,BR,2021-01-31 00:37:51,-7.2294,-44.5561,76.19,80,93,4.5
499,Varzea Da Palma,BR,2021-01-31 00:37:51,-17.5981,-44.7308,74.46,68,100,3.49
500,Mastic Beach,US,2021-01-31 00:37:51,40.7668,-72.8521,26.01,53,1,11.45
501,Myski,RU,2021-01-31 00:37:52,53.709,87.8014,-8.37,89,55,2.13
502,Murmashi,RU,2021-01-31 00:37:52,68.8154,32.8115,12.2,92,75,4.47
503,Benguela,AO,2021-01-31 00:37:52,-12.5763,13.4055,76.68,75,100,2.73
504,Gwanda,ZW,2021-01-31 00:37:52,-20.9333,29.0,69.71,92,100,5.21
505,Umm Lajj,SA,2021-01-31 00:37:52,25.0213,37.2685,64.06,54,0,11.52
506,Cayenne,GF,2021-01-31 00:37:02,4.9333,-52.3333,80.6,89,75,8.05
507,Bom Jesus,BR,2021-01-31 00:37:52,-9.0744,-44.3586,74.37,70,4,2.93
508,Chapleau,CA,2021-01-31 00:37:53,47.8405,-83.4034,6.8,72,1,4.61
509,Kattivakkam,IN,2021-01-31 00:36:22,13.2167,80.3167,71.6,94,20,5.23
510,Visby,SE,2021-01-31 00:37:53,57.6409,18.296,28.4,80,90,12.66
511,Inongo,CD,2021-01-31 00:37:53,-1.95,18.2667,72.66,94,100,4.99
512,Kajaani,FI,2021-01-31 00:37:53,64.2273,27.7285,19.4,93,40,3.44
513,Opuwo,NA,2021-01-31 00:37:53,-18.0607,13.84,71.22,50,100,2.95
514,Armacao De Pera,PT,2021-01-31 00:37:53,37.1026,-8.357,55.4,88,20,8.05
515,Auch,FR,2021-01-31 00:37:53,43.65,0.5833,48.99,94,100,8.01
516,Lasa,IT,2021-01-31 00:37:54,46.6166,10.7002,37.99,100,90,3.2
517,Glace Bay,CA,2021-01-31 00:37:24,46.1969,-59.957,28.0,80,90,16.11
518,Vila Velha,BR,2021-01-31 00:37:54,-20.3297,-40.2925,78.8,78,20,10.36
519,Ostersund,SE,2021-01-31 00:37:54,63.1792,14.6357,3.2,85,90,1.81
520,Mumford,GH,2021-01-31 00:36:45,5.2618,-0.759,79.34,89,100,9.13
521,Saint-Leu,RE,2021-01-31 00:37:54,-21.15,55.2833,75.99,61,3,1.52
522,Podbrdo,BA,2021-01-31 00:37:55,44.4408,17.0139,44.6,87,40,2.3
523,Porto Novo,BJ,2021-01-31 00:35:05,6.4965,2.6036,84.2,84,40,11.5
524,Maridi,SS,2021-01-31 00:37:55,4.9158,29.4742,71.02,25,41,3.58
525,Contamana,PE,2021-01-31 00:37:55,-7.3333,-75.0167,75.79,82,73,2.33
526,Montepuez,MZ,2021-01-31 00:37:55,-13.1256,38.9997,69.01,97,100,2.75
527,Kodinar,IN,2021-01-31 00:37:56,20.7903,70.7031,63.37,30,0,11.81
528,Saint-Avertin,FR,2021-01-31 00:37:56,47.3636,0.7399,50.0,93,90,5.75
529,Trapani,IT,2021-01-31 00:37:56,37.8333,12.6667,62.01,88,0,12.66
530,Sackville,CA,2021-01-31 00:37:56,45.9188,-64.3846,15.8,73,100,1.14
531,Novyy Urengoy,RU,2021-01-31 00:37:56,66.0833,76.6333,-22.47,85,100,17.16
532,Bani Walid,LY,2021-01-31 00:37:56,31.7566,13.9942,60.03,33,0,12.24
533,Kruisfontein,ZA,2021-01-31 00:36:26,-34.0033,24.7314,60.01,90,0,3.4
534,Skjervoy,NO,2021-01-31 00:37:19,70.0311,20.9714,28.09,87,100,5.5
535,Badami,IN,2021-01-31 00:37:57,15.915,75.6768,64.89,65,8,6.33
536,Sembe,CG,2021-01-31 00:36:35,1.6481,14.5806,71.17,92,100,2.89
537,Riyadh,SA,2021-01-31 00:37:57,24.6877,46.7219,51.8,46,0,4.61
538,Baiao,BR,2021-01-31 00:37:57,-2.7906,-49.6717,73.94,98,100,2.06
539,Pasni,PK,2021-01-31 00:37:57,25.2631,63.471,65.23,65,0,7.43
540,Belaya Kholunitsa,RU,2021-01-31 00:37:58,58.84,50.8528,18.63,97,100,8.08
541,Orapa,BW,2021-01-31 00:37:58,-21.2833,25.3667,75.4,66,65,9.37
542,Mullovka,RU,2021-01-31 00:37:58,54.2,49.4,24.8,93,96,4.47
543,Xique-Xique,BR,2021-01-31 00:37:58,-10.8218,-42.7263,82.83,53,100,7.36
544,Huarmey,PE,2021-01-31 00:37:58,-10.0681,-78.1522,71.46,73,72,7.94
545,Olavarria,AR,2021-01-31 00:37:59,-36.8927,-60.3225,61.0,57,80,5.99
546,Marfino,RU,2021-01-31 00:37:59,55.7028,37.3822,26.01,93,75,4.47
547,Vavoua,CI,2021-01-31 00:37:59,7.3819,-6.4778,76.06,72,59,3.13
548,Pocone,BR,2021-01-31 00:37:59,-16.2567,-56.6228,78.28,78,97,5.46
549,Usogorsk,RU,2021-01-31 00:37:59,63.4106,48.6872,24.31,97,98,7.54
550,Manbij,SY,2021-01-31 00:38:00,36.5281,37.9549,41.0,93,90,16.11
551,Nadym,RU,2021-01-31 00:36:27,65.5333,72.5167,-17.23,86,100,20.4
552,Calabozo,VE,2021-01-31 00:38:00,8.9242,-67.4293,84.0,46,96,9.1
553,Aksarka,RU,2021-01-31 00:38:00,66.5606,67.7975,-16.6,88,100,10.09
554,Fox Lake,US,2021-01-31 00:38:00,42.3967,-88.1837,30.99,93,100,10.0
555,Liverpool,GB,2021-01-31 00:33:56,53.4106,-2.9779,34.0,80,100,9.22
556,Bagru,IN,2021-01-31 00:38:00,26.8088,75.5423,45.12,54,0,2.89
557,Kidal,ML,2021-01-31 00:38:01,18.4411,1.4078,64.06,24,0,8.84
558,Iseyin,NG,2021-01-31 00:38:01,7.9667,3.6,73.94,88,0,3.51
559,Minab,IR,2021-01-31 00:38:01,27.1467,57.0801,62.46,83,0,1.59
560,Rehoboth,NA,2021-01-31 00:38:01,-23.3167,17.0833,72.25,22,87,9.98
561,Venado Tuerto,AR,2021-01-31 00:38:01,-33.7456,-61.9688,64.99,93,100,5.01
562,Soyo,AO,2021-01-31 00:38:01,-6.1349,12.3689,79.68,86,100,8.19
563,Havoysund,NO,2021-01-31 00:35:58,70.9963,24.6622,26.6,80,40,13.8
564,Ylivieska,FI,2021-01-31 00:38:02,64.0833,24.55,19.99,91,93,3.4
565,Dejen,ET,2021-01-31 00:38:02,10.1667,38.1333,50.43,51,0,4.16
